ID;aquocode;CASnummer;omschrijving;eenheid;hoedanigheid
3;1112T4ClC2a;630-20-6;1,1,1,2-tetrachloorethaan;ug/l;NVT
4;111TClC2a;71-55-6;1,1,1-trichloorethaan;ug/l;NVT
5;1122T4ClC2a;79-34-5;1,1,2,2-tetrachloorethaan;ug/l;NVT
6;112TClC2a;79-00-5;1,1,2-trichloorethaan;ug/l;NVT
8;11DClC2a;75-34-3;1,1-dichloorethaan;ug/l;NVT
9;11DClC2e;75-35-4;1,1-dichlooretheen;ug/l;NVT
10;11DClC3a;78-99-9;1,1-dichloorpropaan;ug/l;NVT
11;PCDD73;35822-46-9;1,2,3,4,6,7,8-heptachloordibenzo-p-dioxine;ug/l;NVT
12;PCDF131;67562-39-4;1,2,3,4,6,7,8-heptachloordibenzofuraan;ug/l;NVT
13;PCDF134;55673-89-7;1,2,3,4,7,8,9-heptachloordibenzofuraan;ug/l;NVT
14;PCDD66;39227-28-6;1,2,3,4,7,8-hexachloordibenzo-p-dioxine;ug/l;NVT
15;PCDF118;70648-26-9;1,2,3,4,7,8-hexachloordibenzofuraan;ug/l;NVT
16;1234T4ClBen;634-66-2;1,2,3,4-tetrachloorbenzeen;ug/l;NVT
18;1235T4ClBen;634-90-2;1,2,3,5-tetrachloorbenzeen;ug/l;NVT
20;PCDD67;57653-85-7;1,2,3,6,7,8-hexachloordibenzo-p-dioxine;ug/l;NVT
21;PCDF121;57117-44-9;1,2,3,6,7,8-hexachloordibenzofuraan;ug/l;NVT
22;PCDD70;19408-74-3;1,2,3,7,8,9-hexachloordibenzo-p-dioxine;ug/l;NVT
23;PCDF124;72918-21-9;1,2,3,7,8,9-hexachloordibenzofuraan;ug/l;NVT
24;PCDD54;40321-76-4;1,2,3,7,8-pentachloordibenzo-p-dioxine;ug/l;NVT
25;PCDF94;57117-41-6;1,2,3,7,8-pentachloordibenzofuraan;ug/l;NVT
26;123TClBen;87-61-6;1,2,3-trichloorbenzeen;ug/l;NVT
27;123TClC3a;96-18-4;1,2,3-trichloorpropaan;ug/l;NVT
29;123TC1yBen;526-73-8;1,2,3-trimethylbenzeen;ug/l;NVT
30;1245T4ClBen;95-94-3;1,2,4,5-tetrachloorbenzeen;ug/l;NVT
32;124TClBen;120-82-1;1,2,4-trichloorbenzeen;ug/l;NVT
33;124TC1yBen;95-63-6;1,2,4-trimethylbenzeen;ug/l;NVT
35;12DClBen;95-50-1;1,2-dichloorbenzeen;ug/l;NVT
36;12DClC2a;107-06-2;1,2-dichloorethaan;ug/l;NVT
37;12DClC2e;540-59-0;1,2-dichlooretheen;ug/l;NVT
38;12DClC3a;78-87-5;1,2-dichloorpropaan;ug/l;NVT
44;135TClBen;108-70-3;1,3,5-trichloorbenzeen;ug/l;NVT
45;135TC1yBen;108-67-8;1,3,5-trimethylbenzeen;ug/l;NVT
47;13DClBen;541-73-1;1,3-dichloorbenzeen;ug/l;NVT
48;13DClC3a;142-28-9;1,3-dichloorpropaan;ug/l;NVT
54;14DClBen;106-46-7;1,4-dichloorbenzeen;ug/l;NVT
62;1ClNaf;90-13-1;1-chloornaftaleen;ug/l;NVT
73;MCPP;93-65-2;mecoprop;ug/l;NVT
76;bisFolA;80-05-7;bisfenol-A;ug/l;NVT
78;2345T4ClFol;4901-51-3;2,3,4,5-tetrachloorfenol;ug/l;NVT
79;PCDF130;60851-34-5;2,3,4,6,7,8-hexachloordibenzofuraan;ug/l;NVT
80;2346T4ClFol;58-90-2;2,3,4,6-tetrachloorfenol;ug/l;NVT
81;PCDF114;57117-31-4;2,3,4,7,8-pentachloordibenzofuraan;ug/l;NVT
82;234TClAn;634-67-3;2,3,4-trichlooraniline;ug/l;NVT
83;234TClFol;15950-66-0;2,3,4-trichloorfenol;ug/l;NVT
84;2356T4ClFol;935-95-5;2,3,5,6-tetrachloorfenol;ug/l;NVT
86;235TClFol;933-78-8;2,3,5-trichloorfenol;ug/l;NVT
89;236TClFol;933-75-5;2,3,6-trichloorfenol;ug/l;NVT
90;PCDD48;1746-01-6;2,3,7,8-tetrachloordibenzo-p-dioxine;ug/l;NVT
93;23DClAn;608-27-5;2,3-dichlooraniline;ug/l;NVT
94;23DClFol;576-24-9;2,3-dichloorfenol;ug/l;NVT
100;245TClAn;636-30-6;2,4,5-trichlooraniline;ug/l;NVT
101;245TClFol;95-95-4;2,4,5-trichloorfenol;ug/l;NVT
102;245T;93-76-5;2,4,5-trichloorfenoxyazijnzuur;ug/l;NVT
103;245TP;93-72-1;2,4,5-trichloorfenoxypropionzuur;ug/l;NVT
104;246TClAn;634-93-5;2,4,6-trichlooraniline;ug/l;NVT
106;246TClFol;88-06-2;2,4,6-trichloorfenol;ug/l;NVT
108;s2425DClAn;NVT;som 2,4- en 2,5-dichlooraniline;ug/l;NVT
111;24DDD;53-19-0;2,4'-dichloordifenyldichloorethaan;ug/l;NVT
112;24DDE;3424-82-6;2,4'-dichloordifenyldichlooretheen;ug/l;NVT
113;24DDT;789-02-6;2,4'-dichloordifenyltrichloorethaan;ug/l;NVT
114;24DClAn;554-00-7;2,4-dichlooraniline;ug/l;NVT
115;24DClFol;120-83-2;2,4-dichloorfenol;ug/l;NVT
116;24D;94-75-7;2,4-dichloorfenoxyazijnzuur;ug/l;NVT
117;24DB;94-82-6;2,4-dichloorfenoxyboterzuur;ug/l;NVT
124;24DC1yFol;105-67-9;2,4-dimethylfenol;ug/l;NVT
126;25DClAn;95-82-9;2,5-dichlooraniline;ug/l;NVT
127;25DClFol;583-78-8;2,5-dichloorfenol;ug/l;NVT
131;25DNO2Fol;329-71-5;2,5-dinitrofenol;ug/l;NVT
134;26DClAn;608-31-1;2,6-dichlooraniline;ug/l;NVT
135;26DClBenAd;2008-58-4;2,6-dichloorbenzamide;ug/l;NVT
136;26DClFol;87-65-0;2,6-dichloorfenol;ug/l;NVT
138;26DNO2Fol;573-56-8;2,6-dinitrofenol;ug/l;NVT
140;24DP;120-36-5;2,4-dichloorfenoxypropionzuur;ug/l;NVT
145;2ClAn;95-51-2;2-chlooraniline;ug/l;NVT
146;2ClFol;95-57-8;2-chloorfenol;ug/l;NVT
147;2ClNaf;91-58-7;2-chloornaftaleen;ug/l;NVT
154;2C2yTol;611-14-3;2-ethyltolueen;ug/l;NVT
170;2NO2Fol;88-75-5;2-nitrofenol;ug/l;NVT
174;2C3ol;67-63-0;2-propanol;ug/l;NVT
176;345TClAn;634-91-3;3,4,5-trichlooraniline;ug/l;NVT
177;345TClFol;609-19-8;3,4,5-trichloorfenol;ug/l;NVT
178;34DClAn;95-76-1;3,4-dichlooraniline;ug/l;NVT
179;34DClFol;95-77-2;3,4-dichloorfenol;ug/l;NVT
182;34DNO2Fol;577-71-9;3,4-dinitrofenol;ug/l;NVT
185;35DClAn;626-43-7;3,5-dichlooraniline;ug/l;NVT
186;35DClFol;591-35-5;3,5-dichloorfenol;ug/l;NVT
197;3ClAn;108-42-9;3-chlooraniline;ug/l;NVT
198;3ClFol;108-43-0;3-chloorfenol;ug/l;NVT
202;3C2yTol;620-14-4;3-ethyltolueen;ug/l;NVT
213;3NO2Fol;554-84-7;3-nitrofenol;ug/l;NVT
215;44DDD;72-54-8;4,4'-dichloordifenyldichloorethaan;ug/l;NVT
216;44DDE;72-55-9;4,4'-dichloordifenyldichlooretheen;ug/l;NVT
217;44DDT;50-29-3;4,4'-dichloordifenyltrichloorethaan;ug/l;NVT
224;4Cl2C1yFol;1570-64-5;4-chloor-2-methylfenol;ug/l;NVT
225;MCPA;94-74-6;2-methyl-4-chloorfenoxyazijnzuur;ug/l;NVT
226;MCPB;94-81-5;2-methyl-4-chloorfenoxyboterzuur;ug/l;NVT
227;4Cl3C1yFol;59-50-7;4-chloor-3-methylfenol;ug/l;NVT
228;4ClAn;106-47-8;4-chlooraniline;ug/l;NVT
229;4ClFol;106-48-9;4-chloorfenol;ug/l;NVT
232;4C2yTol;622-96-8;4-ethyltolueen;ug/l;NVT
235;4NO2Fol;100-02-7;4-nitrofenol;ug/l;NVT
247;AcNe;83-32-9;acenafteen;ug/l;NVT
248;AcNy;208-96-8;acenaftyleen;ug/l;NVT
251;actntl;75-05-8;acetonitril;mg/l;NVT
254;aclntl;107-13-1;acrylonitril;ug/l;NVT
264;alCl;15972-60-8;alachloor;ug/l;NVT
265;alDcb;116-06-3;aldicarb;ug/l;NVT
266;alDcsfn;1646-88-4;aldicarbsulfon;ug/l;NVT
267;alDcSO;1646-87-3;aldicarbsulfoxide;ug/l;NVT
268;aldn;309-00-2;aldrin;ug/l;NVT
269;aedsfn;959-98-8;alfa-endosulfan;ug/l;NVT
271;aHCH;319-84-6;alfa-hexachloorcyclohexaan;ug/l;NVT
272;cHpClepO;1024-57-3;cis-heptachloorepoxide;ug/l;NVT
273;aC1ysrn;98-83-9;alfa-methylstyreen;ug/l;NVT
282;alltn;584-79-2;allethrin;ug/l;NVT
284;Al;7429-90-5;aluminium;ug/l;nf
285;amtn;834-12-8;ametryn;ug/l;NVT
287;amtl;61-82-5;amitrol;ug/l;NVT
289;NH4;14798-03-9;ammonium;mg/l;Nnf
292;AMPA;1066-51-9;aminomethylfosfonzuur;ug/l;NVT
299;Ant;120-12-7;antraceen;ug/l;NVT
300;antcnn;84-65-1;antrachinon;ug/l;NVT
301;Sb;7440-36-0;antimoon;ug/l;nf
310;As;7440-38-2;arseen;ug/l;nf
323;aslm;3337-71-1;asulam;ug/l;NVT
324;attn;1610-17-9;atraton;ug/l;NVT
325;atzne;1912-24-9;atrazine;ug/l;NVT
327;C2yazfs;2642-71-9;ethylazinfos;ug/l;NVT
328;C1yazfs;86-50-0;methylazinfos;ug/l;NVT
333;Ba;7440-39-3;barium;ug/l;nf
336;benlxl;71626-11-4;benalaxyl;ug/l;NVT
337;benDocb;22781-23-3;bendiocarb;ug/l;NVT
340;bentzn;25057-89-0;bentazon;ug/l;NVT
342;Ben;71-43-2;benzeen;ug/l;NVT
345;BaA;56-55-3;benzo(a)antraceen;ug/l;NVT
346;BaP;50-32-8;benzo(a)pyreen;ug/l;NVT
348;BbF;205-99-2;benzo(b)fluorantheen;ug/l;NVT
351;BghiPe;191-24-2;benzo(ghi)peryleen;ug/l;NVT
353;BkF;207-08-9;benzo(k)fluorantheen;ug/l;NVT
359;benztazl;95-16-9;benzothiazool;ug/l;NVT
361;benzC4yFt;85-68-7;benzylbutylftalaat;ug/l;NVT
362;Be;7440-41-7;beryllium;ug/l;nf
365;bedsfn;33213-65-9;beta-endosulfan;ug/l;NVT
366;bHCH;319-85-7;beta-hexachloorcyclohexaan;ug/l;NVT
374;HCO3;71-52-3;waterstofcarbonaat;mg/l;NVT
375;bfnx;42576-02-3;bifenox;ug/l;NVT
376;biftn;82657-04-3;bifenthrin;ug/l;NVT
382;DEHP;117-81-7;bis(2-ethylhexyl)ftalaat (DEHP);ug/l;NVT
384;Bi;7440-69-9;bismut;ug/l;nf
386;B;7440-42-8;boor;ug/l;nf
390;bromcl;314-40-9;bromacil;ug/l;NVT
391;Br;24959-67-9;bromide;mg/l;nf
392;C2yBrfs;4824-78-6;ethylbromofos;ug/l;NVT
393;C1yBrfs;2104-96-3;methylbromofos;ug/l;NVT
394;BrOxnl;1689-84-5;broomoxynil;ug/l;NVT
395;halon1011;74-97-5;broomchloormethaan;ug/l;NVT
396;DClBrC1a;75-27-4;dichloorbroommethaan;ug/l;NVT
400;Brpplt;18181-80-1;broompropylaat;ug/l;NVT
401;sMAK;NVT;som monocyclische aromatische koolwaterstoffen (BTEX);ug/l;NVT
403;buprmt;41483-43-6;bupirimaat;ug/l;NVT
406;C4ol;71-36-3;butanol;ug/l;NVT
407;butcbOxm;34681-10-2;butocarboxim;ug/l;NVT
409;butcbOxmSO;34681-24-8;butocarboximsulfoxide;ug/l;NVT
412;C4yactt;123-86-4;butylacetaat;ug/l;NVT
441;Cd;7440-43-9;cadmium;ug/l;nf
442;caffine;58-08-2;caffeine;ug/l;NVT
447;Ca;7440-70-2;calcium;mg/l;nf
456;captn;133-06-2;captan;ug/l;NVT
458;carbrl;63-25-2;carbaryl;ug/l;NVT
460;carbdzm;10605-21-7;carbendazim;ug/l;NVT
462;carbfrn;1563-66-2;carbofuran;ug/l;NVT
464;CO3;3812-32-6;carbonaat;mg/l;NVT
466;12DHOxBen;120-80-9;1,2-dihydroxybenzeen;ug/l;NVT
468;Cs;7440-46-2;cesium;ug/l;nf
478;Clbmrn;13360-45-7;chloorbromuron;ug/l;NVT
482;sClFol;NVT;som chloorfenolen;ug/l;NVT
487;Clfvfs;470-90-6;chloorfenvinfos;ug/l;NVT
492;Clpfm;101-21-3;chloorprofam;ug/l;NVT
494;C2yClprfs;2921-88-2;ethylchloorpyrifos;ug/l;NVT
496;C1yClprfs;5598-13-0;methylchloorpyrifos;ug/l;NVT
497;Cltlnl;1897-45-6;chloorthalonil;ug/l;NVT
503;Cltlrn;15545-48-9;chloortoluron;ug/l;NVT
507;Clidzn;1698-60-8;chloridazon;ug/l;NVT
508;Cl;16887-00-6;chloride;mg/l;NVT
517;Cr;7440-47-3;chroom;ug/l;nf
518;Chr;218-01-9;chryseen;ug/l;NVT
519;sDClC2e;NVT;som dichlooretheen-isomeren;ug/l;NVT
520;c12DClC2e;156-59-2;cis-1,2-dichlooretheen;ug/l;NVT
521;c13DClC3e;10061-01-5;cis-1,3-dichloorpropeen;ug/l;NVT
522;cCldn;5103-71-9;cis-chloordaan;ug/l;NVT
526;cloprld;1702-17-6;clopyralid;ug/l;NVT
527;Co;7440-48-4;kobalt;ug/l;nf
530;cumfs;56-72-4;cumafos;ug/l;NVT
534;CNazne;21725-46-2;cyanazine;ug/l;NVT
540;cycC6a;110-82-7;cyclohexaan;ug/l;NVT
542;cycC6on;108-94-1;cyclohexanon;ug/l;NVT
546;cyhltn;68085-85-8;cyhalothrin;ug/l;NVT
547;cypmtn;52315-07-8;cypermethrin;ug/l;NVT
555;sDDX6;NVT;som 2,4'-, 4,4'-DDT, 2,4'-, 4,4'-DDD, 2,4'- en 4,4'-DDE;ug/l;NVT
558;C10a;124-18-5;decaan;ug/l;NVT
562;dHCH;319-86-8;delta-hexachloorcyclohexaan;ug/l;NVT
563;dmtn;52918-63-5;deltamethrin;ug/l;NVT
568;C1yOxdmtn;301-12-2;methyloxydemeton;ug/l;NVT
571;desC2yatzne;6190-65-4;desethylatrazine;ug/l;NVT
573;desiC3yatzne;1007-28-9;desisopropylatrazine;ug/l;NVT
574;desmtn;1014-69-3;desmetryn;ug/l;NVT
577;DiC4yFt;84-69-5;diisobutylftalaat;ug/l;NVT
583;DiC3yEtr;108-20-3;diisopropylether;ug/l;NVT
592;Daznn;333-41-5;diazinon;ug/l;NVT
593;DBahAnt;53-70-3;dibenzo(a,h)antraceen;ug/l;NVT
597;DBrClC1a;124-48-1;dibroomchloormethaan;ug/l;NVT
598;DBrC1a;74-95-3;dibroommethaan;ug/l;NVT
600;DC4yFt;84-74-2;dibutylftalaat;ug/l;NVT
602;Dcba;1918-00-9;dicamba;ug/l;NVT
603;Dcbnl;1194-65-6;dichlobenil;ug/l;NVT
604;Dcfton;97-17-6;dichlofenthion;ug/l;NVT
605;Dcfande;1085-98-9;dichlofluanide;ug/l;NVT
615;sDClFol6;NVT;som 6 dichloorfenolen (Bbk, 1-1-2008);ug/l;NVT
619;DClC1a;75-09-2;dichloormethaan;ug/l;NVT
624;DClvs;62-73-7;dichloorvos;ug/l;NVT
625;26DCl4NO2An;99-30-9;2,6-dichloor-4-nitroaniline;ug/l;NVT
629;Dcfl;115-32-2;dicofol;ug/l;NVT
632;DccPeDen;77-73-6;dicyclopentadieen;ug/l;NVT
633;dieldn;60-57-1;dieldrin;ug/l;NVT
641;DC2yEtr;60-29-7;diethylether;mg/l;NVT
642;DC2yFt;84-66-2;diethylftalaat;ug/l;NVT
648;Dfbzrn;35367-38-5;diflubenzuron;ug/l;NVT
649;DC7yFt;3648-21-3;diheptylftalaat;ug/l;NVT
650;DC6yFt;84-75-3;dihexylftalaat;ug/l;NVT
651;Dmfrn;34205-21-5;dimefuron;ug/l;NVT
653;Dmtat;60-51-5;dimethoaat;ug/l;NVT
658;DC1yDS;624-92-0;dimethyldisulfide;ug/l;NVT
660;DC1yfAd;68-12-2;dimethylformamide;ug/l;NVT
661;DC1yFt;131-11-3;dimethylftalaat;ug/l;NVT
663;DC1yS;75-18-3;dimethylsulfide;ug/l;NVT
668;DNOC;534-52-1;4,6-dinitro-o-cresol;ug/l;NVT
669;24DNO2Fol;51-28-5;2,4-dinitrofenol;ug/l;NVT
671;Dnsb;88-85-7;dinoseb;ug/l;NVT
672;Dntb;1420-07-1;dinoterb;ug/l;NVT
674;DC8yFt;117-84-0;dioctylftalaat;ug/l;NVT
677;DC5yFt;131-18-0;dipentylftalaat;ug/l;NVT
679;DC3yFt;131-16-8;dipropylftalaat;ug/l;NVT
680;Dsftn;298-04-4;disulfoton;ug/l;NVT
681;sDtocbmt;NVT;som dithiocarbamaten;ug/l;CS2
683;Durn;330-54-1;diuron;ug/l;NVT
690;sdrin5;NVT;som aldrin, dieldrin, endrin, isodrin en telodrin;ug/l;NVT
699;Dy;7429-91-6;dysprosium;ug/l;nf
703;endsfSO4;1031-07-8;endosulfansulfaat;ug/l;NVT
704;endn;72-20-8;endrin;ug/l;NVT
708;sEOX;NVT;som extraheerbare organische halogeenverbindingen;ug/l;NVT
713;EPTC;759-94-4;ethyldipropylthiocarbamaat;ug/l;NVT
718;etofcb;29973-13-5;ethiofencarb;ug/l;NVT
719;eton;563-12-2;ethion;ug/l;NVT
721;etfmst;26225-79-6;ethofumesaat;ug/l;NVT
722;etpfs;13194-48-4;ethoprofos;ug/l;NVT
725;C2yactt;141-78-6;ethylacetaat;ug/l;NVT
728;C2yBen;100-41-4;ethylbenzeen;ug/l;NVT
730;EDTA;60-00-4;ethyleendiaminetetraethaanzuur (EDTA);ug/l;NVT
732;glycl;107-21-1;glycol (monoethyleenglycol);ug/l;NVT
733;C2yetourum;96-45-7;ethyleenthioureum;ug/l;NVT
738;C2yprton;56-38-2;ethylparathion;ug/l;NVT
740;eTDazl;2593-15-9;etridiazol;ug/l;NVT
741;etfs;38260-54-7;etrimfos;ug/l;NVT
745;fenamfs;22224-92-6;fenamifos;ug/l;NVT
746;Fen;85-01-8;fenantreen;ug/l;NVT
747;fenarml;60168-88-9;fenarimol;ug/l;NVT
749;fenClfs;299-84-3;fenchloorfos;ug/l;NVT
750;feNO2ton;122-14-5;fenitrothion;ug/l;NVT
751;Fol;108-95-2;fenol;ug/l;NVT
759;fenpratn;39515-41-8;fenpropathrin;ug/l;NVT
760;fenton;55-38-9;fenthion;ug/l;NVT
762;fenvlrt;51630-58-1;fenvaleraat;ug/l;NVT
767;sFUH;NVT;som fenylureumherbiciden;ug/l;NVT
773;fluaznm;79622-59-6;fluazinam;ug/l;NVT
775;Flu;206-44-0;fluorantheen;ug/l;NVT
777;Fle;86-73-7;fluoreen;ug/l;NVT
784;fonfs;944-22-9;fonofos;ug/l;NVT
785;C1al;50-00-0;methanal (formaldehyde);ug/l;NVT
787;fosln;2310-17-0;fosalon;ug/l;NVT
793;fosfmdn;13171-21-6;fosfamidon;ug/l;NVT
798;fosmt;732-11-6;fosmet;ug/l;NVT
809;furlxl;57646-30-7;furalaxyl;ug/l;NVT
813;Gd;7440-54-2;gadolinium;ug/l;nf
815;Ga;7440-55-3;gallium;ug/l;nf
816;cHCH;58-89-9;gamma-hexachloorcyclohexaan (lindaan);ug/l;NVT
840;glyfst;1071-83-6;glyfosaat;ug/l;NVT
851;C7a;142-82-5;heptaan;ug/l;NVT
853;HpCl;76-44-8;heptachloor;ug/l;NVT
857;sHpClepO;NVT;som heptachloorepoxide (som cis- en trans-);ug/l;NVT
859;heptnfs;23560-59-0;heptenofos;ug/l;NVT
860;C6a;110-54-3;hexaan;ug/l;NVT
861;HCB;118-74-1;hexachloorbenzeen;ug/l;NVT
865;HxClC2a;67-72-1;hexachloorethaan;ug/l;NVT
871;Hxznn;51235-04-2;hexazinon;ug/l;NVT
875;14DHOxBen;123-31-9;1,4-dihydroxybenzeen;ug/l;NVT
879;Fe;7439-89-6;ijzer;ug/l;nf
880;inda;496-11-7;indaan;ug/l;NVT
882;InP;193-39-5;indeno(1,2,3-cd)pyreen;ug/l;NVT
889;iOxnl;1689-83-4;ioxynil;ug/l;NVT
890;ipDon;36734-19-7;iprodion;ug/l;NVT
903;cumn;98-82-8;cumeen;ug/l;NVT
907;idn;465-73-6;isodrin;ug/l;NVT
913;iptrn;34123-59-6;isoproturon;ug/l;NVT
920;K;07/09/7440;kalium;mg/l;nf
921;PMV;NVT;Kaliumpermanganaat verbruik;mg/l;NVT
967;CS2;75-15-0;koolstofdisulfide;ug/l;NVT
971;Cu;7440-50-8;koper;ug/l;nf
1097;Hg;7439-97-6;kwik;ug/l;nf
1112;La;7439-91-0;lanthaan;ug/l;nf
1114;linrn;330-55-2;linuron;ug/l;NVT
1115;Li;7439-93-2;lithium;ug/l;nf
1116;Pb;7439-92-1;lood;ug/l;nf
1125;Mg;7439-95-4;magnesium;mg/l;nf
1127;malton;121-75-5;malathion;ug/l;NVT
1128;Mn;7439-96-5;mangaan;ug/l;nf
1139;2benztazetol;149-30-4;2-benzothiazolethiol;ug/l;NVT
1143;s1314xyln;NVT;som 1,3- en 1,4-xyleen;ug/l;NVT
1145;mcresl;108-39-4;m-cresol;ug/l;NVT
1147;13xyln;108-38-3;1,3-xyleen;ug/l;NVT
1148;metbtazrn;18691-97-9;metabenzthiazuron;ug/l;NVT
1149;mlxl;57837-19-1;metalaxyl;ug/l;NVT
1151;mmtn;41394-05-2;metamitron;ug/l;NVT
1152;mzCl;67129-08-2;metazachloor;ug/l;NVT
1154;C1ol;67-56-1;methanol;ug/l;NVT
1155;metdton;950-37-8;methidathion;ug/l;NVT
1156;metocbsfn;2179-25-1;methiocarbsulfon;ug/l;NVT
1157;metocbSO;01/10/2635;methiocarbsulfoxide;ug/l;NVT
1158;metml;16752-77-5;methomyl;ug/l;NVT
1159;C1oxCl;72-43-5;methoxychloor;ug/l;NVT
1163;C1yttC4yEtr;1634-04-4;methyl-tertiair-butylether;ug/l;NVT
1171;2C4on;78-93-3;2-butanon (MEK);ug/l;NVT
1175;4C1y2C5on;108-10-1;4-methyl-2-pentanon (MIBK);ug/l;NVT
1176;C1yitoCN;556-61-6;methylisothiocyanaat;ug/l;NVT
1177;C1ymtclt;80-62-6;methylmethacrylaat;ug/l;NVT
1179;C1yprton;298-00-0;methylparathion;ug/l;NVT
1184;metbmrn;3060-89-7;metobromuron;ug/l;NVT
1185;metlCl;51218-45-2;metolachloor;ug/l;NVT
1187;metxrn;19937-59-8;metoxuron;ug/l;NVT
1188;metbzn;21087-64-9;metribuzin;ug/l;NVT
1191;mevfs;7786-34-7;mevinfos;ug/l;NVT
1243;Mo;7439-98-7;molybdeen;ug/l;nf
1246;ClBen;108-90-7;chloorbenzeen;ug/l;NVT
1247;ClC2a;75-00-3;chloorethaan;ug/l;NVT
1248;sMClFol;NVT;som monochloorfenol-isomeren;ug/l;NVT
1253;Mlnrn;1746-81-2;monolinuron;ug/l;NVT
1254;monrn;150-68-5;monuron;ug/l;NVT
1255;C4yBen;104-51-8;butylbenzeen;ug/l;NVT
1259;Naf;91-20-3;naftaleen;ug/l;NVT
1262;Na;7440-23-5;natrium;mg/l;nf
1265;Nd;7440-00-8;neodymium;ug/l;nf
1267;Ni;7440-02-0;nikkel;ug/l;nf
1268;Nb;01/03/7440;niobium;ug/l;nf
1270;NO3;14797-55-8;nitraat;mg/l;Nnf
1273;NO2;14797-65-0;nitriet;mg/l;Nnf
1278;C9a;111-84-2;nonaan;ug/l;NVT
1285;nuarml;63284-71-9;nuarimol;ug/l;NVT
1287;C8a;111-65-9;octaan;ug/l;NVT
1289;PCDD75;3268-87-9;1,2,3,4,6,7,8,9-octachloordibenzo-p-dioxine;ug/l;NVT
1290;PCDF135;39001-02-0;1,2,3,4,6,7,8,9-octachloordibenzofuraan;ug/l;NVT
1318;Corg;NVT;koolstof organisch;mg/l;Cnf
1331;ocresl;95-48-7;o-cresol;ug/l;NVT
1332;2FyFol;90-43-7;2-fenylfenol;ug/l;NVT
1334;PO4;14265-44-2;fosfaat;mg/l;Pnf
1341;12xyln;95-47-6;1,2-xyleen;ug/l;NVT
1343;Oaml;23135-22-0;oxamyl;ug/l;NVT
1348;PGETAL;NVT;P-getal;mmol/l;nf
1352;sPAK10;NVT;som 10 polycyclische aromatische koolwaterstoffen (VROM);ug/l;NVT
1353;sPAK16;NVT;som 16 polycyclische aromatische koolwaterstoffen (EPA);ug/l;NVT
1356;Pd;03/05/7440;palladium;ug/l;NVT
1359;pcresl;106-44-5;p-cresol;ug/l;NVT
1362;14xyln;106-42-3;1,4-xyleen;ug/l;NVT
1372;PCB101;37680-73-2;2,2',4,5,5'-pentachloorbifenyl;ug/l;NVT
1373;PCB105;32598-14-4;2,3,3',4,4'-pentachloorbifenyl;ug/l;NVT
1374;PCB118;31508-00-6;2,3',4,4',5-pentachloorbifenyl;ug/l;NVT
1376;PCB138;35065-28-2;2,2',3,4,4',5'-hexachloorbifenyl;ug/l;NVT
1377;PCB153;35065-27-1;2,2',4,4',5,5'-hexachloorbifenyl;ug/l;NVT
1378;PCB156;38380-08-4;2,3,3',4,4',5-hexachloorbifenyl;ug/l;NVT
1380;PCB180;35065-29-3;2,2',3,4,4',5,5'-heptachloorbifenyl;ug/l;NVT
1381;PCB28;7012-37-5;2,4,4'-trichloorbifenyl;ug/l;NVT
1382;PCB52;35693-99-3;2,2',5,5'-tetrachloorbifenyl;ug/l;NVT
1384;C5a;109-66-0;pentaan;ug/l;NVT
1385;PeClAn;527-20-8;pentachlooraniline;ug/l;NVT
1387;PeClBen;608-93-5;pentachloorbenzeen;ug/l;NVT
1390;PeClFol;87-86-5;pentachloorfenol;ug/l;NVT
1394;permtn;52645-53-1;permethrin;ug/l;NVT
1398;pH;NVT;Zuurgraad;1;NVT
1405;piprnbO;51-03-6;piperonyl-butoxide;ug/l;NVT
1406;pirmcb;23103-98-2;pirimicarb;ug/l;NVT
1407;C2yprmfs;23505-41-1;ethylpirimifos;ug/l;NVT
1408;C1yprmfs;29232-93-7;methylpirimifos;ug/l;NVT
1410;Pt;04/06/7440;platina;ug/l;NVT
1414;Pr;7440-10-0;praseodymium;ug/l;nf
1416;proClaz;67747-09-5;prochloraz;ug/l;NVT
1417;procmdn;32809-16-8;procymidon;ug/l;NVT
1418;profm;122-42-9;profam;ug/l;NVT
1421;promtne;7287-19-6;prometryne;ug/l;NVT
1422;propCl;1918-16-7;propachloor;ug/l;NVT
1424;propmcb;24579-73-5;propamocarb;ug/l;NVT
1427;propzne;139-40-2;propazine;ug/l;NVT
1429;propcnzl;60207-90-1;propiconazol (som cis- en trans-);ug/l;NVT
1432;propxr;114-26-1;propoxur;ug/l;NVT
1434;1C3yBen;103-65-1;1-propylbenzeen;ug/l;NVT
1438;propAd;23950-58-5;propyzamide;ug/l;NVT
1444;pyrazfs;13457-18-6;pyrazofos;ug/l;NVT
1445;Pyr;129-00-0;pyreen;ug/l;NVT
1451;pyrdne;110-86-1;pyridine;ug/l;NVT
1455;PeClNO2Ben;82-68-8;pentachloornitrobenzeen (quintozeen);ug/l;NVT
1456;REDPTTAL;NVT;Redoxpotentiaal;mV;NVT
1460;13DHOxBen;108-46-3;1,3-dihydroxybenzeen;ug/l;NVT
1461;Rh;7440-16-6;rhodium;ug/l;NVT
1466;Sm;7440-19-9;samarium;ug/l;nf
1469;Sc;7440-20-2;scandium;ug/l;nf
1473;seC4yazne;7286-69-3;sebutylazine;ug/l;NVT
1474;secC4yBen;135-98-8;secundair-butylbenzeen;ug/l;NVT
1476;Se;7782-49-2;seleen;ug/l;nf
1479;Si;7440-21-3;silicium;mg/l;NVT
1480;simzne;122-34-9;simazine;ug/l;NVT
1496;Ntot;NVT;stikstof totaal;mg/l;Nnf
1501;Sr;7440-24-6;strontium;ug/l;nf
1503;styrn;100-42-5;styreen;ug/l;NVT
1508;SO4;14808-79-8;sulfaat;mg/l;NVT
1511;S;18496-25-8;sulfide;ug/l;NVT
1515;sulftp;3689-24-5;sulfotep;ug/l;NVT
1518;Ta;7440-25-7;tantalium;ug/l;NVT
1520;Te;13494-80-9;tellurium;ug/l;nf
1521;teldn;297-78-9;telodrin;ug/l;NVT
1522;T;NVT;Temperatuur;Cel;NVT
1524;terbtn;886-50-0;terbutrin;ug/l;NVT
1525;terC4yazne;5915-41-3;terbutylazine;ug/l;NVT
1536;T4ClC2e;127-18-4;tetrachlooretheen (per);ug/l;NVT
1538;T4ClC1a;56-23-5;tetrachloormethaan (tetra);ug/l;NVT
1540;T4Clvfs;961-11-5;tetrachloorvinfos (mixed isomeren);ug/l;NVT
1544;T4Hfrn;109-99-9;tetrahydrofuraan;ug/l;NVT
1546;T4Htofn;110-01-0;tetrahydrothiofeen;ug/l;NVT
1548;T4mtn;7696-12-0;tetramethrin;ug/l;NVT
1553;Tl;7440-28-0;thallium;ug/l;nf
1556;toCN;NVT;thiocyanaat (anion);ug/l;nf
1561;tomtn;640-15-3;thiometon;ug/l;NVT
1563;Th;7440-29-1;thorium;ug/l;nf
1564;Sn;7440-31-5;tin;ug/l;nf
1565;Ti;7440-32-6;titaan;ug/l;nf
1567;tolcfsC1y;57018-04-9;tolclofos-methyl;ug/l;NVT
1568;Tol;108-88-3;tolueen;ug/l;NVT
1572;Canorg;NVT;koolstof anorganisch;mg/l;Cnf
1578;t12DClC2e;156-60-5;trans-1,2-dichlooretheen;ug/l;NVT
1579;t13DClC3e;10061-02-6;trans-1,3-dichloorpropeen;ug/l;NVT
1580;tCldn;5103-74-2;trans-chloordaan;ug/l;NVT
1581;tHpClepO;28044-83-9;trans-heptachloorepoxide;ug/l;NVT
1585;TiC4yPO4;126-71-6;triisobutylfosfaat;ug/l;NVT
1586;Tadmfn;43121-43-3;triadimefon;ug/l;NVT
1589;Tazfs;24017-47-8;triazofos;ug/l;NVT
1590;TBrC1a;75-25-2;tribroommethaan;ug/l;NVT
1591;TC4yPO4;126-73-8;tributylfosfaat;ug/l;NVT
1596;BrTClC1a;75-62-7;broomtrichloormethaan;ug/l;NVT
1598;TClC2e;79-01-6;trichlooretheen (tri);ug/l;NVT
1599;T2ClC2yPO4;115-96-8;tri(2-chloorethyl)fosfaat;ug/l;NVT
1600;sTClFol;NVT;som trichloorfenol-isomeren;ug/l;NVT
1603;TClC3yPO4;13674-84-5;tris(1-chloor-2-propyl)fosfaat;ug/l;NVT
1607;TC2yAe;121-44-8;triethylamine;ug/l;NVT
1609;TC2yPO4;78-40-0;triethylfosfaat;ug/l;NVT
1612;Tfrlne;1582-09-8;trifluraline;ug/l;NVT
1637;U;7440-61-1;uranium;ug/l;nf
1641;vamdton;2275-23-2;vamidothion;ug/l;NVT
1642;V;7440-62-2;vanadium;ug/l;nf
1652;vinczln;50471-44-8;vinclozolin;ug/l;NVT
1654;ClC2e;75-01-4;chlooretheen (vinylchloride);ug/l;NVT
1666;sVOC;NVT;som vluchtige organische verbindingen (GM-MS-screening);ug/l;NVT
1675;sVOX;NVT;som vluchtige organische halogeenverbindingen;ug/l;NVT
1683;H2S;04/06/7783;waterstofsulfide;mg/l;NVT
1685;W;7440-33-7;wolfraam;ug/l;nf
1686;sxyln;NVT;som xyleen-isomeren;ug/l;NVT
1689;Yb;7440-64-4;ytterbium;ug/l;nf
1690;Y;7440-65-5;yttrium;ug/l;nf
1692;Ag;7440-22-4;zilver;ug/l;nf
1693;Zn;7440-66-6;zink;ug/l;nf
1695;Zr;7440-67-7;zirkonium;ug/l;nf
1701;O2;7782-44-7;zuurstof;mg/l;NVT
1711;TClC1a;67-66-3;trichloormethaan (chloroform);ug/l;NVT
1712;TC4ySn;36643-28-4;tributyltin (kation);ug/l;Sn
1714;manb;12427-38-2;maneb;ug/l;NVT
1718;Cloxrn;1982-47-4;chlooroxuron;ug/l;NVT
1803;CO2;124-38-9;kooldioxide;mg/l;NVT
1852;2C2ox2C1yC3a;637-92-3;2-ethoxy-2-methylpropaan;ug/l;NVT
1853;F;16984-48-8;fluoride;mg/l;nf
1869;HF;7664-39-3;waterstoffluoride;ug/l;NVT
1898;lencl;01/08/2164;lenacil;ug/l;NVT
1967;PCB126;57465-28-8;3,3',4,4',5-pentachloorbifenyl;ug/l;NVT
1968;PCB169;32774-16-6;3,3',4,4',5,5'-hexachloorbifenyl;ug/l;NVT
1969;PCB77;32598-13-3;3,3',4,4'-tetrachloorbifenyl;ug/l;NVT
1971;pendmtln;40487-42-1;pendimethalin;ug/l;NVT
1987;Rb;7440-17-7;rubidium;ug/l;nf
2012;thirm;137-26-8;thiram;ug/l;NVT
2031;TROEBHD;NVT;Troebelheid;[NTU];NVT
2146;HxClbtDen;87-68-3;hexachloorbutadieen;ug/l;NVT
2159;dodcBen;123-01-3;dodecylbenzeen;ug/l;NVT
2161;endsfn;115-29-7;endosulfan (som alfa- en beta-isomeer);ug/l;NVT
2220;Cldn;57-74-9;chloordaan;ug/l;NVT
2228;PCDF83;51207-31-9;2,3,7,8-tetrachloordibenzofuraan;ug/l;NVT
2232;cyftn;68359-37-5;cyfluthrin;ug/l;NVT
2233;lcyhltn;91465-08-6;lambda-cyhalothrin;ug/l;NVT
2235;tolfande;731-27-1;tolylfluanide;ug/l;NVT
2294;etnetDol;57-63-6;ethinylestradiol;ug/l;NVT
2295;esTol;50-27-1;estriol;ug/l;NVT
2297;Tadmnl;55219-65-3;triadimenol;ug/l;NVT
2298;tebcnzl;107534-96-3;tebuconazol;ug/l;NVT
2300;imzll;35554-44-0;imazalil;ug/l;NVT
2301;penccrn;66063-05-6;pencycuron;ug/l;NVT
2302;pencnzl;66246-88-6;penconazool;ug/l;NVT
2303;pyrmtnl;53112-28-0;pyrimethanil;ug/l;NVT
2304;abmtne;71751-41-2;abamectine;ug/l;NVT
2305;flutlnl;66332-96-5;flutolanil;ug/l;NVT
2306;imdcpd;138261-41-3;imidacloprid;ug/l;NVT
2307;metocb;2032-65-7;methiocarb;ug/l;NVT
2308;DEET;134-62-3;diethyltoluamide;ug/l;NVT
2313;oestn;53-16-7;oestron;ug/l;NVT
2314;17bestDol;50-28-2;17beta-estradiol;ug/l;NVT
2361;prosfcb;52888-80-9;prosulfocarb;ug/l;NVT
2362;fenmdn;161326-34-7;fenamidon;ug/l;NVT
2363;flurOxpr;69377-81-7;fluroxypyr;ug/l;NVT
2364;4C9yFol;104-40-5;4-nonylfenol;ng/l;NVT
2366;4ttC8yFol;140-66-9;4-tertiair-octylfenol;ug/l;NVT
2412;4CPA;122-88-3;4-chloorfenoxyazijnzuur;ug/l;NVT
2447;toDcb;59669-26-0;thiodicarb;ug/l;NVT
2450;Tcpr;55335-06-3;triclopyr;ug/l;NVT
2451;fenrn;101-42-8;fenuron;ug/l;NVT
2452;ClOxnl;1891-95-8;chlooroxynil;ug/l;NVT
2453;C1ymsfrn;74223-64-6;methyl-metsulfuron;ug/l;NVT
2454;tefbzrn;83121-18-0;teflubenzuron;ug/l;NVT
2455;dodne;03/10/2439;dodine;ug/l;NVT
2461;HTI;28343-61-5;4-hydroxy-2,5,6-trichloorisoftalonitril;ug/l;NVT
2462;cycxdm;101205-02-1;cycloxydim;ug/l;NVT
2463;bezafbt;41859-67-0;bezafibraat;ug/l;NVT
2464;clofbnzr;882-09-7;clofibrinezuur;ug/l;NVT
2465;cloxclne;61-72-3;cloxacilline;ug/l;NVT
2466;Dclofnc;15307-86-5;diclofenac;ug/l;NVT
2467;Dcloxclne;3116-76-5;dicloxacilline;ug/l;NVT
2468;fenpfn;31879-05-7;fenoprofen;ug/l;NVT
2469;gemfbzl;25812-30-0;gemfibrozil;ug/l;NVT
2470;ibpfn;15687-27-1;ibuprofen;ug/l;NVT
2471;indmtcne;53-86-1;indometacine;ug/l;NVT
2472;ketpfn;22071-15-4;ketoprofen;ug/l;NVT
2473;nafclne;147-52-4;nafcilline;ug/l;NVT
2474;napxn;22204-53-1;naproxen;ug/l;NVT
2475;sulfmtoazl;723-46-6;sulfamethoxazol;ug/l;NVT
2476;tolfAezr;13710-19-5;tolfenaminezuur;ug/l;NVT
2477;clofbt;637-07-0;clofibraat;ug/l;NVT
2478;cycffAd;50-18-0;cyclofosfamide;ug/l;NVT
2479;dapsn;80-08-0;dapson;ug/l;NVT
2480;ertmcne;114-07-8;erytromycine;ug/l;NVT
2481;fenzn;60-80-0;fenazon (antipyrine);ug/l;NVT
2482;fenfbt;49562-28-9;fenofibraat;ug/l;NVT
2483;fentrl;13392-18-2;fenoterol;ug/l;NVT
2484;lincmcne;154-21-2;lincomycine;ug/l;NVT
2485;metpll;51384-51-1;metoprolol;ug/l;NVT
2486;monsn;17090-79-8;monensin;ug/l;NVT
2488;poxflne;06/05/6493;pentoxifylline;ug/l;NVT
2489;primdn;125-33-7;primidon;ug/l;NVT
2490;progtrn;57-83-0;progesteron;ug/l;NVT
2491;propnll;525-66-6;propranolol;ug/l;NVT
2492;roxtmcne;80214-83-1;roxitromycine;ug/l;NVT
2493;spirmcne;8025-81-8;spiramycine (I+II+III);ug/l;NVT
2494;sulfdmdne;57-68-1;sulfadimidine;ug/l;NVT
2495;tiamlne;55297-95-5;tiamuline;ug/l;NVT
2496;Tmtpm;738-70-5;trimethoprim;ug/l;NVT
2497;Clafncl;56-75-7;chlooramfenicol;ug/l;NVT
2498;Oaclne;66-79-5;oxacilline;ug/l;NVT
2499;Aofnzn;58-15-1;aminofenazon;ug/l;NVT
2710;PCB167;52663-72-6;2,3',4,4',5,5'-hexachloorbifenyl;ug/l;NVT
2711;PCB123;65510-44-3;2,3',4,4',5'-pentachloorbifenyl;ug/l;NVT
2712;PCB157;69782-90-7;2,3,3',4,4',5'-hexachloorbifenyl;ug/l;NVT
2713;PCB81;70362-50-4;3,4,4',5-tetrachlorobifenyl;ug/l;NVT
2714;PCB114;74472-37-0;2,3,4,4',5-pentachloorbifenyl;ug/l;NVT
2721;PCB189;39635-31-9;2,3,3',4,4',5,5 '-heptachlorobifenyl;ug/l;NVT
2806;123benztazl;95-14-7;1,2,3-benzotriazool;ug/l;NVT
2817;134DClFy3C1y;3567-62-2;1-(3,4-dichloorfenyl)-3-methylureum;ug/l;NVT
2818;134DClFyurum;08/02/2327;1-(3,4-dichloorfenyl)ureum;ug/l;NVT
2822;13DactBen;6781-42-6;1,3-diacetylbenzeen;ug/l;NVT
2829;14DactBen;1009-61-6;1,4-diacetylbenzeen;ug/l;NVT
2841;14DOxan;123-91-1;1,4-dioxaan;mg/l;NVT
2856;1C3ol2ClPO4;6145-73-9;1-propanol-2-chloorfosfaat;ug/l;NVT
2881;22DClppozr;75-99-0;2,2-dichloorpropionzuur;ug/l;NVT
2882;2345T4ClAn;634-83-3;2,3,4,5-tetrachlooraniline;ug/l;NVT
2885;2356T4ClAn;3481-20-7;2,3,5,6-tetrachlooraniline;ug/l;NVT
2886;235TClAn;18487-39-3;2,3,5-trichlooraniline;ug/l;NVT
2897;246TBrFol;118-79-6;2,4,6-tribroomfenol;ug/l;NVT
2925;25811T4OaC12;112-49-2;2,5,8,11-tetraoxadodecaan;ug/l;NVT
2935;26DC2yAn;579-66-8;2,6-diethylaniline;ug/l;NVT
2944;26xyldne;87-62-7;2,6-xylidine;ug/l;NVT
2950;2Aoactfnn;551-93-9;2-aminoacetofenon;ug/l;NVT
2956;2C1ox2C1yC4a;994-05-8;2-methoxy-2-methylbutaan;ug/l;NVT
2966;2C1ybztazl;120-75-2;2-methylbenzothiazool;ug/l;NVT
2971;2C1ytobztazl;615-22-5;2-methylthiobenzothiazool;ug/l;NVT
2999;2HOxatzne;2163-68-0;2-hydroxyatrazine;ug/l;NVT
3000;2HOxbenztazl;934-34-9;2-hydroxybenzothiazol;ug/l;NVT
3054;4Aoatprne;83-07-8;4-aminoantipyrine;ug/l;NVT
3122;acdne;260-94-6;acridine;ug/l;NVT
3127;acnfn;74070-46-5;aclonifen;ug/l;NVT
3131;acsfmeK;55589-62-3;acesulfame K;ug/l;NVT
3135;actmpd;135410-20-7;acetamiprid;ug/l;NVT
3136;actsfmtozl;21312-10-7;acetylsulfamethoxazol;ug/l;NVT
3164;amdsfrn;120923-37-7;amidosulfuron;ug/l;NVT
3165;amdTzinzr;117-96-4;amidotrizoïnezuur;ug/l;NVT
3169;amxclne;26787-78-0;amoxicilline;ng/l;NVT
3175;Aocb;2032-59-9;aminocarb;ug/l;NVT
3181;asprne;50-78-2;aspirine;ug/l;NVT
3186;atnll;29122-68-7;atenolol;ug/l;NVT
3189;atvttne;134523-00-5;atorvastatine;ug/l;NVT
3192;azacnzl;60207-31-0;azaconazool;ug/l;NVT
3195;azmtfs;35575-96-3;azamethifos;ug/l;NVT
3196;azoxsbn;131860-33-8;azoxystrobin;ug/l;NVT
3198;aztmcne;83905-01-5;azitromycine;ug/l;NVT
3203;bapOxT4ccne;18751-99-0;beta-apo-oxytetracycline;ug/l;NVT
3209;befbtAd;113614-08-7;beflubutamide;ug/l;NVT
3213;benfn;1861-40-1;benefin;ug/l;NVT
3218;bentavlcbiC3;177406-68-7;benthiavalicarb-isopropyl;ug/l;NVT
3261;bis2C1oxC2yE;111-96-6;bis(2-methoxyethyl)ether;ug/l;NVT
3266;bispll;66722-44-9;bisoprolol;ug/l;NVT
3268;bittnl;55179-31-2;bitertanol;ug/l;NVT
3272;boscld;188425-85-6;boscalid;ug/l;NVT
3318;C1oxfnzde;161050-58-4;methoxyfenozide;ug/l;NVT
3331;C1ydesFyClid;17254-80-7;methyl-desfenylchloridazon;ug/l;NVT
3346;C2oxsfrn;126801-58-9;ethoxysulfuron;ug/l;NVT
3380;carbmzpne;298-46-4;carbamazepine;ug/l;NVT
3384;carbtAd;16118-49-3;carbetamide;ug/l;NVT
3386;carftznC2y;128639-02-1;carfentrazon-ethyl;ug/l;NVT
3398;cefrxm;55268-75-2;cefuroxim;ug/l;NVT
3434;cindnC2y;142891-20-1;cinidon-ethyl;ug/l;NVT
3436;cipfxcne;85721-33-1;ciprofloxacine;ug/l;NVT
3448;clartmcne;81103-11-9;claritromycine;ug/l;NVT
3463;clindmcne;18323-44-9;clindamycine;ug/l;NVT
3466;clodnfppgl;105512-06-9;clodinafop-propargyl;ug/l;NVT
3468;clomzn;81777-89-1;clomazon;ug/l;NVT
3472;clotandne;210880-92-5;clothianidine;ug/l;NVT
3473;clotmzl;23593-75-1;clotrimazol;ug/l;NVT
3474;clozpne;5786-21-0;clozapine;ug/l;NVT
3481;ClT4ccne;57-62-5;chloortetracycline;ug/l;NVT
3486;clxlnl;88-04-0;chloorxylenol;ug/l;NVT
3504;cortsn;53-06-5;cortison;ug/l;NVT
3521;cumHpO;80-15-9;cumeen hydroperoxide;ug/l;NVT
3528;cyazfAd;120116-88-3;cyazofamide;ug/l;NVT
3537;cypcnzl;94361-06-5;cyproconazool;ug/l;NVT
3538;cypdnl;121552-61-2;cyprodinil;ug/l;NVT
3542;cyrmzne;66215-27-8;cyromazine;ug/l;NVT
3548;GELDHD;NVT;Geleidendheid;mS/m;25oC
3551;damnzde;1596-84-5;daminozide;ug/l;NVT
3575;DC1ySO4;77-78-1;dimethylsulfaat;ug/l;NVT
3586;DccC6yFt;84-61-7;dicyclohexylftalaat;ug/l;NVT
3612;desC2ysC4yat;37019-18-4;desethylsebutylazine;ug/l;NVT
3614;desC2ytC4yaz;30125-63-4;desethylterbutylazine;ug/l;NVT
3615;desFyClidzn;6339-19-1;desfenylchloridazon;ug/l;NVT
3616;desmdfm;13684-56-5;desmedifam;ug/l;NVT
3622;dexmtsn;50-02-2;dexamethason;ug/l;NVT
3624;Dffncn;83164-33-4;diflufenican;ug/l;NVT
3627;Dfncnzl;119446-68-3;difenoconazool;ug/l;NVT
3628;Dfnxrn;14214-32-5;difenoxuron;ug/l;NVT
3644;Dikglc;18467-77-1;dikegulac;ug/l;NVT
3650;DMST;66840-71-9;4-dimethylaminosulfotoluidide;ug/l;NVT
3651;DmtAd;87674-68-8;dimethenamide;ug/l;NVT
3652;DmtCl;50563-36-5;dimethachloor;ug/l;NVT
3653;DmTdzl;551-92-8;dimetridazol;ug/l;NVT
3654;Dmtmf;110488-70-5;dimethomorf;ug/l;NVT
3655;DmtnmdP;163515-14-8;dimethenamid-P;ug/l;NVT
3668;dodmf;1593-77-7;dodemorf;ug/l;NVT
3672;doxccne;564-25-0;doxycycline;ng/l;NVT
3675;Dpyrdml;58-32-2;dipyridamol;ug/l;NVT
3676;DqBr;85-00-7;diquatdibromide;ug/l;NVT
3692;Dtann;3347-22-6;dithianon;ug/l;NVT
3695;DTPA;67-43-6;di-ethyleentriaminepentaazijnzuur (DTPA);ug/l;NVT
3705;emmtn;119791-41-2;emamectin;ug/l;NVT
3712;enlpl;75847-73-3;enalapril;ug/l;NVT
3713;enrfxcne;93106-60-6;enrofloxacine;ug/l;NVT
3718;epxcnzl;133855-98-8;epoxiconazool;ug/l;NVT
3719;Er;7440-52-0;erbium;ug/l;nf
3723;esfvlrt;66230-04-4;esfenvaleraat;ug/l;NVT
3727;etdmrn;30043-49-3;ethidimuron;ug/l;NVT
3732;etofcbsfn;53380-23-7;ethiofencarbsulfon;ug/l;NVT
3733;etofcbSO;53380-22-6;ethiofencarbsulfoxide;ug/l;NVT
3739;etxzl;153233-91-1;etoxazool;ug/l;NVT
3740;Eu;7440-53-1;europium;ug/l;nf
3751;famxdne;131807-57-3;famoxadone;ug/l;NVT
3761;fenbtSnO;13356-08-6;fenbutatinoxide;ug/l;NVT
3762;fenfbnzr;42017-89-0;fenofibrinezuur;ug/l;NVT
3764;fenhxAd;126833-17-8;fenhexamide;ug/l;NVT
3765;fenmdfm;13684-63-4;fenmedifam;ug/l;NVT
3768;fenOxcb;72490-01-8;fenoxycarb;ug/l;NVT
3771;fenppmf;67564-91-4;fenpropimorf;ug/l;NVT
3786;fipnl;120068-37-3;fipronil;ug/l;NVT
3793;floncmd;158062-67-0;flonicamid;ug/l;NVT
3794;florfncl;76639-94-6;florfenicol;ug/l;NVT
3797;fluazfC4y;69806-50-4;fluazifop-butyl;ug/l;NVT
3798;fluazfPC4y;79241-46-6;fluazifop-P-butyl;ug/l;NVT
3808;fludoxnl;131341-86-1;fludioxonil;ug/l;NVT
3812;flumoxzn;103361-09-7;flumioxazin;ug/l;NVT
3813;flumqne;42835-25-6;flumequine;ug/l;NVT
3816;fluopclde;239110-15-7;fluopicolide;ug/l;NVT
3818;fluoxsbn;193740-76-0;fluoxastrobin;ug/l;NVT
3819;fluoxtne;54910-89-3;fluoxetine;ug/l;NVT
3829;flurslm;145701-23-1;florasulam;ug/l;NVT
3836;forasfrn;173159-57-4;foramsulfuron;ug/l;NVT
3845;fostazt;98886-44-3;fosthiazaat;ug/l;NVT
3854;fursmde;54-31-9;furosemide;ug/l;NVT
3855;furzldn;67-45-8;furazolidon;ug/l;NVT
3857;gabptne;60142-96-3;gabapentine;ug/l;NVT
3877;glufsnt;51276-47-2;glufosinaat;ug/l;NVT
3878;glufsntNH4;77182-82-2;glufosinaat-ammonium;ug/l;NVT
3886;KLEUR;NVT;Kleur;1;NVT
3895;L_PFBS;375-73-5;perfluorbutaansulfonzuur;ug/l;NVT
3896;H3;10028-17-8;tritium;1;TU
3898;L_PFDS;335-77-3;perfluor-1-decaansulfonzuur;ug/l;NVT
3903;halOxfC1y;69806-40-2;haloxyfop-methyl;ug/l;NVT
3906;halOxfPC1y;72619-32-0;haloxyfop-P-methyl;ug/l;NVT
3928;HCltazde;58-93-5;hydrochloorthiazide;ug/l;NVT
3931;L_PFHpS;375-92-8;perfluor-1-heptaansulfonzuur;ug/l;NVT
3932;L_PFHxS;355-46-4;perfluorhexaansulfonzuur;ug/l;NVT
3935;hextazx;78587-05-0;hexythiazox;ug/l;NVT
3936;Hf;7440-58-6;hafnium;ug/l;NVT
3942;HHCB;1222-05-5;hexahydrohexamethylcyclopentabenzopyran (HHCB);ug/l;NVT
3946;Ho;7440-60-0;holmium;ug/l;nf
3976;iC3yantnlAd;30391-89-0;isopropylanthranilamide;ug/l;NVT
3981;iClidzn;162354-96-3;isochloridazon;ug/l;NVT
3984;iffAd;3778-73-2;ifosfamide;ug/l;NVT
4010;iOaftl;141112-29-0;isoxaflutool;ug/l;NVT
4018;Ir;7439-88-5;iridium;ug/l;NVT
4023;irbstan;138402-11-6;irbesartan;ug/l;NVT
4027;IsfrnC1y;144550-06-1;jodosulfuron-methyl;ug/l;NVT
4030;isxbn;82558-50-7;isoxaben;ug/l;NVT
4035;ivmctne;70288-86-7;ivermectine;ug/l;NVT
4040;johxl;66108-95-0;johexol;ug/l;NVT
4041;jompl;78649-41-9;jomeprol;ug/l;NVT
4042;jopmde;73334-07-3;jopromide;ug/l;NVT
4043;jopmdl;60166-93-0;jopamidol;ug/l;NVT
4044;jopninzr;96-83-3;jopanoïnezuur;ug/l;NVT
4045;jotlmnzr;2276-90-6;jotalaminezuur;ug/l;NVT
4046;joxgnzr;59017-64-0;joxaglinezuur;ug/l;NVT
4047;joxtlmnzr;28179-44-4;joxitalaminezuur;ug/l;NVT
4063;kresOxmC1y;143390-89-0;kresoxim-methyl;ug/l;NVT
4064;NKj;NVT;stikstof Kjeldahl;mg/l;NVT
4077;landn;12407-86-2;landrin;ug/l;NVT
4088;levtrctm;102767-28-2;levetiracetam;ug/l;NVT
4093;lidcine;137-58-6;lidocaïne;ug/l;NVT
4096;lostan;114798-26-4;losartan;ug/l;NVT
4098;Lu;7439-94-3;lutetium;ug/l;nf
4104;lufnrn;103055-07-8;lufenuron;ug/l;NVT
4110;mAh;108-62-3;metaldehyde;ug/l;NVT
4112;malinhdzde;123-33-1;maleinehydrazide;ug/l;NVT
4117;mandppAd;374726-62-2;mandipropamide;ug/l;NVT
4133;mebdzl;31431-39-7;mebendazol;ug/l;NVT
4137;mecppP;16484-77-8;mecoprop-P;ug/l;NVT
4143;mefpDC2y;135590-91-9;mefenpyr-diethyl;ug/l;NVT
4151;mesnl;72-33-3;mestranol;ug/l;NVT
4152;messfrnC1y;208465-21-8;mesosulfuron-methyl;ug/l;NVT
4153;meston;104206-82-8;mesotrion;ug/l;NVT
4156;metcnzl;125116-23-6;metconazool;ug/l;NVT
4157;metfmne;657-24-9;metformine;ug/l;NVT
4158;metfnn;220899-03-6;metrafenon;ug/l;NVT
4159;metNa;137-42-8;metham-natrium;ug/l;NVT
4160;metndzl;443-48-1;metronidazol;ug/l;NVT
4162;metrm;9006-42-2;metiram;ug/l;NVT
4188;Ptot;NVT;fosfor totaal;mg/l;Pnf
4230;nappAd;15299-99-7;napropamide;ug/l;NVT
4254;nicsfrn;111991-09-4;nicosulfuron;ug/l;NVT
4278;norfxcne;70458-96-7;norfloxacine;ug/l;NVT
4301;Oasfrn;144651-06-9;oxasulfuron;ug/l;NVT
4310;ofxcne;82419-36-1;ofloxacine;ng/l;NVT
4322;Os;02/04/7440;osmium;ug/l;NVT
4333;sct13DClC3e;NVT;som cis- en trans-1,3-dichloorpropeen;ug/l;NVT
4336;OxT4ccne;6153-64-6;oxytetracycline;ug/l;NVT
4337;oxzpm;604-75-1;oxazepam;ug/l;NVT
4344;pacbtzl;76738-62-0;paclobutrazol;ug/l;NVT
4347;parctml;103-90-2;paracetamol;ug/l;NVT
4349;paroetne;61869-08-7;paroxetine;ug/l;NVT
4350;paroonC1y;950-35-6;paraoxon-methyl;ug/l;NVT
4351;paroonC2y;311-45-5;paraoxon-ethyl;ug/l;NVT
4437;PFBA;375-22-4;perfluorbutaanzuur;ug/l;NVT
4438;PFDA;335-76-2;perfluordecaanzuur;ug/l;NVT
4439;PFDoA;307-55-1;perfluordodecaanzuur;ug/l;NVT
4440;PFHpA;375-85-9;perfluorheptaanzuur;ug/l;NVT
4441;PFHxA;307-24-4;perfluorhexaanzuur;ug/l;NVT
4442;PFNA;375-95-1;perfluornonaanzuur;ug/l;NVT
4443;PFOA;335-67-1;perfluoroctaanzuur;ug/l;NVT
4445;PFOS;1763-23-1;perfluoroctaansulfonzuur (lineair);ug/l;NVT
4446;PFOSA;754-91-6;perfluoroctaansulfonamide;ug/l;NVT
4448;PFPA;2706-90-3;perfluorpentaanzuur;ug/l;NVT
4449;PFTDA;72629-94-8;perfluortridecaanzuur;ug/l;NVT
4450;PFTeDA;376-06-7;perfluortetradecaanzuur;ug/l;NVT
4451;PFUdA;2058-94-8;perfluorundecaanzuur;ng/l;NVT
4459;pinadn;243973-20-8;pinoxaden;ug/l;NVT
4461;pipprn;1893-33-0;pipamperon;ug/l;NVT
4482;pqtDCl;1910-42-5;paraquat-dichloride;ug/l;NVT
4483;sftalt;NVT;som ftalaten;ug/l;NVT
4485;pravstne;81093-37-0;pravastatine;ug/l;NVT
4486;sgewbsmmdln;NVT;som gewasbeschermingsmiddelen (BKMW);ug/l;NVT
4494;propfnzn;479-92-5;propyfenazon;ug/l;NVT
4507;prosfrn;94125-34-5;prosulfuron;ug/l;NVT
4510;protocnzl;178928-70-6;prothioconazool;ug/l;NVT
4521;pymtzne;123312-89-0;pymetrozine;ug/l;NVT
4524;pyrcsbn;175013-18-0;pyraclostrobin;ug/l;NVT
4527;pyrdt;55512-33-9;pyridaat;ug/l;NVT
4529;pyrffnC2y;129630-19-9;pyraflufen-ethyl;ug/l;NVT
4530;pyrfnx;88283-41-4;pyrifenox;ug/l;NVT
4533;pyrpxfn;95737-68-1;pyriproxyfen;ug/l;NVT
4535;pyrslm;422556-08-9;pyroxsulam;ug/l;NVT
4539;quetpne;111974-69-7;quetiapine;ug/l;NVT
4540;quincmn;2797-51-5;quinoclamin;ug/l;NVT
4543;quinmrc;90717-03-6;quinmerac;ug/l;NVT
4546;quizlfC2y;76578-14-8;quizalofop-ethyl;ug/l;NVT
4559;Re;7440-15-5;renium;ug/l;NVT
4570;rimsfrn;122931-48-0;rimsulfuron;ug/l;NVT
4574;rondzl;7681-76-7;ronidazol;ug/l;NVT
4577;Ru;7440-18-8;ruthenium;ug/l;NVT
4589;salbtml;18559-94-9;salbutamol;ug/l;NVT
4590;salczr;69-72-7;salicylzuur;ug/l;NVT
4654;siltofm;175217-20-6;silthiofam;ug/l;NVT
4656;SiO2;14808-60-7;siliciumdioxide;mg/l;NVT
4667;SmtlCl;87392-12-9;S-metolachloor;ug/l;NVT
4675;sotll;3930-20-9;sotalol;ug/l;NVT
4735;sulcton;99105-77-8;sulcotrion;ug/l;NVT
4736;sulfClprdzne;80-32-0;sulfachloorpyridazine;ug/l;NVT
4737;sulfdazne;68-35-9;sulfadiazine;ug/l;NVT
4738;sulfdmtoxne;122-11-2;sulfadimethoxine;ug/l;NVT
4740;sulfmrzn;127-79-7;sulfamerazin;ug/l;NVT
4742;sulfprdne;144-83-2;sulfapyridine;ug/l;NVT
4743;sulfqoxlne;59-40-5;sulfaquinoxaline;ug/l;NVT
4760;T4ccne;60-54-8;tetracycline;ng/l;NVT
4765;T4Hflmde;1469-48-3;tetrahydroftaalimide;ug/l;NVT
4770;tabdzl;148-79-8;thiabendazol;ug/l;NVT
4773;Talt;2303-17-5;triallaat;ug/l;NVT
4775;tamxfn;10540-29-1;tamoxifen;ug/l;NVT
4777;Tasfrn;82097-50-5;triasulfuron;ug/l;NVT
4780;Tazmt;112143-82-5;triazamaat;ug/l;NVT
4781;Tb;7440-27-9;terbium;ug/l;nf
4785;TbnrC1y;101200-48-0;tribenuronmethyl;ug/l;NVT
4790;TC1yPO4;512-56-1;trimethylfosfaat;ug/l;NVT
4812;Tcsn;3380-34-5;triclosan;ng/l;NVT
4821;tebfprd;119168-77-3;tebufenpyrad;ug/l;NVT
4825;teftn;79538-32-2;tefluthrin;ug/l;NVT
4826;TEGDME;143-24-8;tetraethyleenglycoldimethylether;ug/l;NVT
4830;temzpm;846-50-4;temazepam;ug/l;NVT
4831;teplxdm;149979-41-9;tepraloxydim;ug/l;NVT
4835;terbtlne;23031-25-6;terbutaline;ug/l;NVT
4844;TfsfrnC1y;126535-15-7;triflusulfuron-methyl;ug/l;NVT
4846;Tfxsbn;141517-21-7;trifloxystrobin;ug/l;NVT
4847;TFyffnS;3878-45-3;trifenylfosfinesulfide;ug/l;NVT
4848;TFyPO4;115-86-6;trifenylfosfaat;ug/l;NVT
4850;OS;NVT;Onopgeloste stoffen;ug/l;NVT
4861;theoplne;58-55-9;theophylline;ug/l;NVT
4863;thiacpd;111988-49-9;thiacloprid;ug/l;NVT
4864;thiamtxm;153719-23-4;thiamethoxam;ug/l;NVT
4867;thifsfrnC1y;79277-27-3;thifensulfuron-methyl;ug/l;NVT
4874;Tm;7440-30-4;thulium;ug/l;nf
4876;Tmtcb;2686-99-9;trimethacarb;ug/l;NVT
4878;TnxpcC2y;95266-40-3;trinexapac-ethyl;ug/l;NVT
4882;tofnC1y;23564-05-8;thiofanaat-methyl;ug/l;NVT
4884;topmzn;210631-68-8;topramezon;ug/l;NVT
4889;TPPO;791-28-6;trifenylfosfineoxide;ug/l;NVT
4891;tramdl;27203-92-5;tramadol;ug/l;NVT
4893;tris2C2yC6yP;78-42-2;tris(2-ethylhexyl)fosfaat;ug/l;NVT
4894;tris2C4oxC2y;78-51-3;tris(2-butoxyethyl)fosfaat;ug/l;NVT
4895;tris2Cl1ClC1;13674-87-8;tris(2-chloor-1-(chloormethyl)ethyl)fosfaat;ug/l;NVT
4897;tritsfrn;142469-14-5;tritosulfuron;ug/l;NVT
4902;tylsne;1401-69-0;tylosine;ug/l;NVT
4913;valum;439-14-5;valium;ug/l;NVT
4923;warfrn;81-81-2;warfarin;ug/l;NVT
4924;Xe;7440-63-3;xenon;ug/l;NVT
4942;14ClFyurum;140-38-5;1-(4-chloorfenyl)ureum;ug/l;NVT
4944;14iC3yFyurum;56046-17-4;1-(4-isopropylfenyl)ureum;ug/l;NVT
4994;ClO3;14866-68-3;chloraat;ug/l;NVT
5028;azsfrn;120162-55-2;azimsulfuron;ug/l;NVT
5047;imzmx;114311-32-9;imazamox;ug/l;NVT
5056;spirttmt;203313-25-1;spirotetramat;ug/l;NVT
5058;sulfsfrn;141776-32-1;sulfosulfuron;ug/l;NVT
5071;2HOxibpfn;51146-55-5;2-hydroxyibuprofen;ug/l;NVT
5077;bixfn;581809-46-3;bixafen;ug/l;NVT
5078;fluxprxd;907204-31-3;fluxapyroxad;ug/l;NVT
5079;isprzm;881685-58-1;isopyrazam;ug/l;NVT
5111;t1011DHOx101;58955-93-4;trans-10,11-dihydroxy-10,11-dihydrocarbamazepine;ug/l;NVT
5112;tembtone;335104-84-2;tembotrione;ug/l;NVT
5124;OxT4ccnHCl;2058-46-0;oxytetracycline hydrochloride;ug/l;NVT
5137;amsbm;348635-87-0;amisulbrom;ug/l;NVT
5155;sC2yDC1yFo03;NVT;som 4-ethylfenol en 2,3- en 3,5-dimethylfenol;ug/l;NVT
5174;flubDad;272451-65-7;flubendiamide;ug/l;NVT
5175;chloratnlpl;500008-45-7;chlorantraniliprole;ug/l;NVT
5189;Tccbn;101-20-2;triclocarban;ug/l;NVT
5242;amttdn;865318-97-4;ametoctradin;ug/l;NVT
5245;fluoprm;658066-35-4;fluopyram;ug/l;NVT
5248;mepqCl;24307-26-4;mepiquatchloride;ug/l;NVT
5249;pyrdll;179101-81-6;pyridalyl;ug/l;NVT
5252;protocnzdto;120983-64-4;prothioconazol-desthio;ug/l;NVT
5253;armt;140-57-8;aramit;ug/l;NVT
5254;mfmzn;139968-49-3;metaflumizon;ug/l;NVT
5255;benzcine;94-09-7;benzocaine;ug/l;NVT
5256;carbdx;05/07/6804;carbadox;ug/l;NVT
5257;oladmcn;3922-90-5;oleandomycin;ug/l;NVT
5258;13DFygandne;102-06-7;1,3-difenylguanidine;ug/l;NVT
5259;cycC6e;110-83-8;cyclohexeen;ug/l;NVT
5260;13DC2yBen;141-93-5;1,3-diethylbenzeen;ug/l;NVT
5261;14DC2yBen;105-05-5;1,4-diethylbenzeen;ug/l;NVT
5279;guanurum;141-83-3;guanylureum;ug/l;NVT
5517;2PFC6yC2a1sf;27619-97-2;2-(perfluorhexyl)ethaan-1-sulfonzuur (6:2 FTS);ug/l;NVT
5561;Aoprld;150114-71-9;aminopyralid;ug/l;NVT
5562;cyffAd;180409-60-3;cyflufenamide;ug/l;NVT
5563;dikglNa;52508-35-7;dikegulac-natrium;ug/l;NVT
5564;fenprAe;473798-59-3;fenpyrazamine;ug/l;NVT
5565;DC1ysAd;3984-14-3;dimethylsulfamide;ug/l;NVT
5731;C1y1Hbztazl;29385-43-1;methyl-1H-benzotriazool;ug/l;NVT
5732;s45C1y1Hbzta;NVT;som 4- en 5-methyl-1H-benzotriazool;ug/l;NVT
5735;PFC16azr;67905-19-5;perfluorhexadecaanzuur;ug/l;NVT
5736;PFC18azr;16517-11-6;perfluoroctadecaanzuur;ug/l;NVT
5737;NC1yPFC4asfA;68298-12-4;N-methylperfluorbutaansulfonamide;ug/l;NVT
5738;PFC4asfAd;30334-69-1;perfluorbutaansulfonamide;ug/l;NVT
5740;FRD-902;62037-80-3;ammonium 2,3,3,3-tetrafluor-2-(heptafluorpropoxy)-propanoaat;ug/l;NVT
5741;FRD-903;13252-13-6;2,3,3,3-tetrafluor-2-(heptafluorpropoxy)propionzuur;ug/l;NVT
5742;FRD-ai902903;NVT;2,3,3,3-tetrafluor-2-(heptafluorpropoxy)propanoaat (anion);ug/l;NVT
5743;MeFBSAA;159381-10-9;perfluorbutaansulfonylamide(N-methyl)azijnzuur;ug/l;NVT
5744;EtFOSAA;2991-50-6;perfluoroctaansulfonylamide(N-ethyl)azijnzuur;ug/l;NVT
5825;1458T4Ao910a;2475-45-8;1,4,5,8-tetraamino-9,10-anthrachinon;ug/l;NVT
5830;H-PFC10asfzr;39108-34-4;2-(perfluoroctyl)ethaan-1-sulfonzuur (8:2 FTS);ug/l;NVT
5831;H-PFC12asfzr;120226-60-0;1H,1H,2H,2H-perfluordodecaansulfonzuur (10:2 FTS);ug/l;NVT
5832;1011tDolcarb;35079-97-1;10,11-transdiol carbamazepine >> gebruik voortaan ID 6069;ug/l;NVT
5935;PFC5asfzr;2706-91-4;perfluor-1-pentaansulfonzuur;ug/l;NVT
5937;N-MeFOSAA;2355-31-9;N-methylperfluoroctaan sulfonamidoazijnzuur;ug/l;NVT
5944;flubdzle;31430-15-6;flubendazole;ng/l;NVT
5962;2Aoflubdzle;82050-13-3;2-aminoflubendazole;ng/l;NVT
5963;5HOxtabdzle;948-71-0;5-hydroxythiabendazole;ng/l;NVT
5964;emmtnB1a;121124-29-6;emamectin (B1a);ng/l;NVT
5965;emmtnB1b;121424-52-0;emamectin (B1b);ng/l;NVT
5966;levfxcne;100986-85-4;levofloxacine;ng/l;NVT
5970;PFOA_NH4;3825-26-1;perfluoroctaanzuur, ammoniumzout;ug/l;NVT
5996;H-PFC6asfzr;757124-72-4;2-(perfluorbutyl)ethaan-1-sulfonzuur (4:2 FTS);ug/l;NVT
5998;bisPFC10yPO4;678-41-1;bisperfluordecylwaterstoffosfaat (8:2 diPAP);ug/l;NVT
6001;MeFOSA;31506-32-8;N-methyl perfluoroctaansulfonamide;ug/l;NVT
6023;O18-H2O;14314-42-2;zuurstof18 water;10^-3;V-SMOW
6024;D2O;7789-20-0;deuterium oxide (zwaar water);10^-3;V-SMOW
6025;C13;14762-74-4;koolstof 13;10^-3;V-PDB in Canorg
6026;C14;14762-75-5;koolstof 14;%;MC
6027;He3;12596-21-3;helium 3;1;TU
6069;1011cDolcarb;35079-97-1;10,11-cisdiol carbamazepine;ug/l;NVT
6075;KMnO4;7722-64-7;kaliumpermanganaat;mg/l;NVT
6136;clopdl;2971-90-6;clopidol;ug/l;NVT
6451;crotmtn;483-63-6;crotamiton;ug/l;NVT
6452;42FTOH;2043-47-2;perfluorethylethanol 4:2;ug/l;NVT
6453;42monoPAP;150065-76-2;4:2 fluortelomerfosfaatmonoester;ug/l;NVT
6454;PFOPA;40143-78-0;perfluoroctylfosfonzuur;ug/l;NVT
6455;PFDPA;52299-26-0;perfluordecylfosfonzuur;ug/l;NVT
6456;PFPeDA;141074-63-7;perfluorpentadecaanzuur;ug/l;NVT
6726;sAEs;NVT;som alkylethoxylaten;ug/l;NVT
6727;spetlusfntn;NVT;som petroleumsulfonaten;ug/l;NVT
;;;;;
